ID,Income,Term,Balance,Debt,Score,Default
567,17500.0,Short Term,1460.0,272.0,225.0,False
523,18500.0,Long Term,890.0,970.0,187.0,False
544,20700.0,Short Term,880.0,884.0,85.0,False
370,21600.0,Short Term,920.0,0.0,,False
756,24300.0,Short Term,1260.0,0.0,495.0,False
929,22900.0,Long Term,1540.0,1229.0,383.0,False
373,20400.0,Short Term,1200.0,0.0,556.0,False
818,24600.0,Short Term,1470.0,0.0,301.0,False
284,26500.0,Long Term,720.0,1866.0,243.0,False
621,25400.0,Short Term,1130.0,0.0,729.0,True
404,19700.0,Short Term,910.0,0.0,186.0,False
763,20600.0,Short Term,820.0,1218.0,136.0,False
327,19300.0,Long Term,1300.0,0.0,422.0,False
664,23700.0,Short Term,1060.0,801.0,240.0,False
590,18800.0,Short Term,970.0,1542.0,59.0,True
24,23200.0,Short Term,610.0,0.0,325.0,False
931,18100.0,Short Term,1020.0,2133.0,34.0,True
400,18400.0,Short Term,940.0,892.0,195.0,True
905,17200.0,Short Term,1140.0,855.0,128.0,False
556,20200.0,Short Term,810.0,0.0,399.0,False
673,23500.0,Short Term,790.0,0.0,,False
537,19900.0,Short Term,1030.0,799.0,294.0,False
616,23100.0,Long Term,1260.0,737.0,426.0,True
422,21200.0,Short Term,730.0,975.0,88.0,False
73,16400.0,Short Term,780.0,1076.0,145.0,False
466,21000.0,Short Term,1480.0,0.0,447.0,False
363,18100.0,Short Term,1090.0,0.0,168.0,False
291,23200.0,Short Term,1260.0,460.0,487.0,False
326,17800.0,Short Term,630.0,0.0,337.0,False
483,24100.0,Short Term,800.0,0.0,380.0,False
563,17600.0,Long Term,950.0,0.0,334.0,False
838,21800.0,Short Term,940.0,568.0,244.0,False
740,22800.0,Long Term,1060.0,1816.0,145.0,True
216,16600.0,Short Term,730.0,0.0,257.0,False
302,22400.0,Short Term,1220.0,1313.0,191.0,False
236,19500.0,Short Term,1060.0,0.0,277.0,False
36,18500.0,Short Term,980.0,354.0,,True
606,18800.0,Short Term,800.0,324.0,347.0,False
716,19800.0,Short Term,800.0,843.0,243.0,False
471,18700.0,Short Term,580.0,0.0,233.0,False
158,23700.0,Short Term,880.0,703.0,316.0,True
986,19800.0,Short Term,940.0,0.0,371.0,False
841,20600.0,Short Term,1640.0,91.0,517.0,False
342,14500.0,Long Term,1110.0,0.0,296.0,False
210,25600.0,Short Term,920.0,227.0,318.0,False
778,20200.0,Short Term,920.0,1977.0,56.0,True
441,19900.0,Short Term,900.0,438.0,338.0,False
782,19000.0,Short Term,640.0,449.0,201.0,False
424,17400.0,Short Term,1360.0,0.0,324.0,False
566,21300.0,Short Term,830.0,793.0,237.0,False
789,23600.0,Long Term,860.0,0.0,350.0,False
301,18600.0,Short Term,520.0,500.0,268.0,False
583,20000.0,Short Term,1220.0,2698.0,10.0,True
268,17700.0,Short Term,640.0,0.0,289.0,False
608,25000.0,Short Term,1360.0,0.0,465.0,False
407,20400.0,Short Term,1040.0,446.0,247.0,False
67,20000.0,Short Term,1080.0,0.0,505.0,False
296,21200.0,Short Term,1020.0,984.0,250.0,False
669,28300.0,Short Term,1070.0,1010.0,507.0,False
316,15300.0,Short Term,1200.0,0.0,273.0,False
624,18400.0,Short Term,1070.0,535.0,216.0,False
643,21300.0,Short Term,680.0,364.0,,False
703,16600.0,Short Term,1180.0,539.0,245.0,False
653,17600.0,Long Term,900.0,518.0,221.0,False
864,21400.0,Long Term,820.0,234.0,369.0,False
163,21400.0,Short Term,870.0,271.0,310.0,False
472,19800.0,Short Term,1260.0,0.0,229.0,False
900,18700.0,Short Term,390.0,0.0,349.0,False
749,23300.0,Short Term,1290.0,0.0,218.0,False
155,22600.0,Short Term,1140.0,979.0,258.0,True
355,18800.0,Short Term,1090.0,0.0,301.0,False
767,20600.0,Short Term,630.0,758.0,265.0,False
805,25800.0,Long Term,510.0,0.0,337.0,False
493,16100.0,Short Term,900.0,0.0,294.0,False
577,21500.0,Long Term,930.0,0.0,364.0,False
196,23900.0,Short Term,620.0,0.0,225.0,False
213,24200.0,Short Term,1160.0,0.0,341.0,False
221,22100.0,Short Term,1630.0,0.0,582.0,False
456,20400.0,Short Term,1090.0,0.0,406.0,False
127,22100.0,Short Term,950.0,416.0,353.0,False
330,23500.0,Short Term,650.0,0.0,348.0,False
546,17900.0,Long Term,970.0,845.0,108.0,False
446,18200.0,Long Term,1170.0,499.0,287.0,False
194,21900.0,Short Term,1160.0,0.0,155.0,False
808,21800.0,Short Term,1640.0,1055.0,272.0,True
361,24400.0,Short Term,750.0,2573.0,71.0,True
83,18400.0,Short Term,510.0,0.0,,False
979,19800.0,Short Term,830.0,1172.0,215.0,False
41,22300.0,Short Term,1210.0,0.0,424.0,False
995,24000.0,Short Term,990.0,0.0,541.0,False
144,17600.0,Long Term,1010.0,556.0,350.0,False
820,19800.0,Short Term,1370.0,694.0,363.0,False
177,15000.0,Short Term,1040.0,417.0,83.0,False
340,18900.0,Short Term,1170.0,706.0,153.0,False
709,26600.0,Short Term,980.0,0.0,308.0,False
250,19400.0,Short Term,1080.0,0.0,436.0,False
964,19000.0,Short Term,1550.0,366.0,228.0,False
515,22900.0,Long Term,1380.0,0.0,174.0,False
26,21400.0,Short Term,1050.0,0.0,453.0,False
587,18000.0,Short Term,910.0,261.0,362.0,False
133,19200.0,Short Term,1010.0,0.0,242.0,False
103,19500.0,Short Term,630.0,416.0,280.0,False
478,20400.0,Short Term,880.0,256.0,224.0,False
835,20800.0,Short Term,1220.0,0.0,347.0,False
633,18100.0,Short Term,850.0,0.0,274.0,False
769,22100.0,Short Term,910.0,0.0,531.0,False
399,21700.0,Short Term,910.0,171.0,425.0,False
555,24300.0,Short Term,850.0,0.0,254.0,False
580,21900.0,Short Term,990.0,0.0,429.0,False
137,22200.0,Long Term,1300.0,0.0,285.0,False
118,20400.0,Long Term,1230.0,1352.0,237.0,False
397,17300.0,Short Term,1190.0,0.0,324.0,False
332,22700.0,Short Term,1070.0,0.0,415.0,False
165,22600.0,Long Term,1470.0,0.0,433.0,False
741,20000.0,Short Term,690.0,1378.0,141.0,False
307,16900.0,Short Term,900.0,1170.0,116.0,False
380,21700.0,Short Term,1030.0,0.0,608.0,False
713,20200.0,Short Term,1230.0,0.0,309.0,False
978,24800.0,Short Term,760.0,0.0,554.0,False
944,22300.0,Short Term,700.0,1388.0,198.0,False
349,18500.0,Short Term,990.0,65.0,381.0,False
240,25200.0,Short Term,1300.0,804.0,583.0,False
287,19200.0,Long Term,1410.0,0.0,134.0,False
54,18400.0,Short Term,1210.0,0.0,403.0,False
711,24600.0,Short Term,1200.0,0.0,385.0,True
3,20500.0,Short Term,1210.0,1471.0,193.0,True
64,22900.0,Long Term,910.0,284.0,256.0,False
630,22500.0,Short Term,830.0,1027.0,145.0,False
926,23000.0,Long Term,1010.0,930.0,325.0,False
335,16900.0,Short Term,1310.0,162.0,166.0,False
889,15800.0,Short Term,1440.0,228.0,198.0,False
375,19300.0,Short Term,970.0,455.0,357.0,False
980,17900.0,Short Term,950.0,0.0,86.0,False
438,15900.0,Short Term,1010.0,0.0,344.0,False
297,17700.0,Short Term,1940.0,0.0,309.0,False
350,15100.0,Long Term,1340.0,0.0,215.0,False
597,20500.0,Short Term,1120.0,0.0,427.0,False
804,17900.0,Short Term,1000.0,0.0,130.0,False
480,21600.0,Long Term,730.0,1119.0,184.0,False
170,21700.0,Short Term,1000.0,270.0,330.0,False
800,19000.0,Long Term,140.0,1185.0,125.0,False
500,23100.0,Short Term,1200.0,0.0,333.0,False
91,23200.0,Short Term,1310.0,2003.0,264.0,True
550,19200.0,Short Term,640.0,322.0,130.0,False
707,19800.0,Short Term,1140.0,0.0,193.0,False
251,20700.0,Short Term,950.0,1089.0,310.0,False
419,21600.0,Short Term,770.0,330.0,290.0,False
600,19900.0,Long Term,740.0,0.0,403.0,False
162,19600.0,Long Term,1300.0,0.0,338.0,False
885,17500.0,Short Term,1040.0,1695.0,89.0,True
61,17900.0,Short Term,1050.0,260.0,163.0,False
723,20200.0,Short Term,1210.0,318.0,317.0,False
299,22200.0,Short Term,1130.0,990.0,141.0,False
843,18300.0,Short Term,1240.0,0.0,260.0,True
699,17600.0,Short Term,1260.0,1910.0,44.0,True
286,20600.0,Short Term,690.0,0.0,174.0,False
246,18500.0,Short Term,1030.0,0.0,300.0,False
917,24600.0,Short Term,1020.0,0.0,552.0,False
427,21500.0,Short Term,590.0,1811.0,156.0,True
414,20700.0,Short Term,1070.0,2713.0,12.0,True
431,20400.0,Long Term,710.0,1022.0,246.0,False
484,21300.0,Long Term,860.0,1347.0,120.0,False
839,20700.0,Short Term,980.0,0.0,,False
727,14600.0,Short Term,860.0,536.0,204.0,False
132,23800.0,Short Term,610.0,0.0,222.0,False
947,19300.0,Long Term,1060.0,225.0,317.0,False
936,15200.0,Short Term,1020.0,0.0,288.0,False
256,19100.0,Short Term,1490.0,0.0,174.0,False
569,17500.0,Short Term,1170.0,971.0,131.0,False
668,18600.0,Short Term,890.0,0.0,291.0,True
851,18800.0,Long Term,1020.0,0.0,432.0,False
229,21600.0,Short Term,780.0,922.0,295.0,False
761,21700.0,Short Term,1080.0,297.0,473.0,False
313,20800.0,Short Term,1310.0,0.0,381.0,False
650,23300.0,Long Term,1190.0,628.0,375.0,False
27,15100.0,Short Term,980.0,0.0,279.0,False
374,17300.0,Short Term,540.0,2130.0,4.0,True
294,17900.0,Short Term,830.0,2272.0,5.0,True
65,25500.0,Long Term,690.0,374.0,415.0,False
996,19900.0,Long Term,1070.0,185.0,219.0,False
13,19000.0,Long Term,1480.0,560.0,141.0,False
45,16100.0,Long Term,940.0,0.0,353.0,False
691,24000.0,Short Term,1040.0,0.0,508.0,False
344,20300.0,Short Term,540.0,0.0,389.0,False
99,18200.0,Short Term,1370.0,0.0,390.0,False
822,15900.0,Long Term,1240.0,400.0,223.0,False
775,20100.0,Long Term,650.0,0.0,216.0,False
510,19500.0,Short Term,1440.0,0.0,452.0,False
765,19200.0,Long Term,480.0,0.0,298.0,False
888,20300.0,Short Term,1170.0,306.0,404.0,False
615,21400.0,Short Term,800.0,0.0,252.0,False
463,18900.0,Short Term,1100.0,565.0,120.0,False
842,20400.0,Short Term,1080.0,0.0,370.0,False
46,20900.0,Short Term,1210.0,1582.0,270.0,True
116,18500.0,Short Term,890.0,0.0,143.0,False
141,19000.0,Short Term,830.0,684.0,198.0,False
758,25200.0,Short Term,690.0,0.0,481.0,False
626,16300.0,Short Term,1090.0,0.0,323.0,False
369,19400.0,Short Term,790.0,822.0,193.0,False
172,20800.0,Short Term,1070.0,730.0,255.0,False
447,16200.0,Short Term,830.0,0.0,240.0,False
725,16900.0,Short Term,1030.0,1045.0,218.0,False
881,17200.0,Short Term,570.0,0.0,114.0,False
193,18000.0,Short Term,900.0,135.0,259.0,False
681,17000.0,Long Term,980.0,906.0,108.0,False
455,19600.0,Short Term,1110.0,2408.0,51.0,True
998,24100.0,Long Term,740.0,629.0,290.0,False
672,21600.0,Short Term,1350.0,1422.0,196.0,False
679,19500.0,Short Term,1000.0,0.0,448.0,False
963,19300.0,Long Term,600.0,96.0,388.0,False
217,18000.0,Short Term,990.0,502.0,252.0,False
152,22000.0,Short Term,1430.0,0.0,301.0,False
766,22400.0,Short Term,890.0,1044.0,242.0,False
647,22600.0,Short Term,1030.0,0.0,498.0,False
801,15700.0,Short Term,1180.0,1347.0,85.0,True
356,22700.0,Short Term,840.0,384.0,293.0,False
11,18100.0,Short Term,620.0,1236.0,118.0,False
232,22800.0,Long Term,870.0,0.0,306.0,False
377,20300.0,Long Term,1090.0,701.0,321.0,False
15,20200.0,Short Term,650.0,1378.0,220.0,False
311,20200.0,Short Term,990.0,0.0,349.0,False
477,21500.0,Short Term,1300.0,1858.0,,True
661,17700.0,Long Term,930.0,920.0,142.0,False
937,19700.0,Short Term,1080.0,21.0,445.0,False
865,21400.0,Long Term,660.0,716.0,24.0,False
933,18400.0,Short Term,1160.0,0.0,377.0,False
279,19000.0,Short Term,640.0,153.0,125.0,False
667,19100.0,Short Term,840.0,728.0,235.0,False
581,21100.0,Short Term,870.0,513.0,259.0,False
212,17900.0,Short Term,580.0,0.0,151.0,False
184,21500.0,Long Term,720.0,0.0,212.0,False
579,18900.0,Short Term,920.0,0.0,171.0,True
140,21900.0,Short Term,1050.0,1322.0,223.0,False
200,21600.0,Short Term,820.0,98.0,281.0,False
506,23000.0,Short Term,830.0,244.0,242.0,False
786,19900.0,Long Term,1560.0,0.0,273.0,True
175,20600.0,Short Term,1160.0,0.0,458.0,False
884,21800.0,Short Term,1010.0,0.0,537.0,False
315,20600.0,Short Term,930.0,0.0,482.0,True
489,20600.0,Short Term,1250.0,0.0,374.0,False
274,16000.0,Short Term,820.0,932.0,119.0,False
244,17900.0,Short Term,1190.0,203.0,387.0,False
444,21500.0,Short Term,810.0,1752.0,138.0,True
308,21400.0,Long Term,750.0,644.0,448.0,False
53,17300.0,Short Term,930.0,0.0,228.0,False
999,18600.0,Short Term,1240.0,508.0,271.0,False
823,17300.0,Short Term,950.0,366.0,277.0,False
514,18800.0,Short Term,700.0,0.0,288.0,False
259,17400.0,Long Term,840.0,0.0,298.0,False
830,16500.0,Long Term,610.0,751.0,192.0,False
443,15100.0,Long Term,1010.0,1085.0,149.0,True
675,19500.0,Short Term,830.0,36.0,361.0,False
909,23800.0,Long Term,1130.0,0.0,581.0,False
945,16300.0,Short Term,1090.0,1147.0,120.0,False
32,24700.0,Short Term,1470.0,0.0,299.0,False
153,22900.0,Short Term,1080.0,0.0,539.0,False
797,17700.0,Short Term,1140.0,229.0,154.0,False
16,17200.0,Short Term,1100.0,0.0,149.0,False
832,21800.0,Short Term,1110.0,0.0,437.0,False
848,22400.0,Short Term,730.0,0.0,439.0,False
809,20600.0,Short Term,470.0,0.0,146.0,False
957,18100.0,Short Term,1020.0,782.0,230.0,False
329,22300.0,Short Term,1220.0,155.0,361.0,False
425,18700.0,Short Term,1000.0,553.0,242.0,False
687,19600.0,Short Term,1130.0,1447.0,192.0,True
810,20700.0,Short Term,1130.0,0.0,287.0,False
814,20800.0,Long Term,660.0,0.0,367.0,False
588,20800.0,Short Term,930.0,617.0,376.0,False
880,22000.0,Short Term,1170.0,0.0,398.0,False
613,19800.0,Short Term,1080.0,15.0,297.0,False
821,19300.0,Short Term,910.0,0.0,219.0,False
639,19500.0,Short Term,1200.0,0.0,343.0,False
519,17300.0,Long Term,1470.0,0.0,310.0,False
787,20700.0,Long Term,1440.0,1144.0,214.0,False
457,22900.0,Long Term,980.0,0.0,468.0,False
43,20500.0,Long Term,1300.0,0.0,250.0,False
243,19800.0,Short Term,1420.0,1254.0,217.0,False
693,24800.0,Long Term,1170.0,547.0,0.0,True
107,20600.0,Short Term,750.0,0.0,255.0,False
192,20000.0,Long Term,860.0,776.0,332.0,False
706,21700.0,Short Term,1110.0,109.0,333.0,False
920,19400.0,Short Term,770.0,0.0,313.0,False
197,18000.0,Short Term,1130.0,0.0,320.0,False
833,19500.0,Short Term,1360.0,367.0,233.0,False
146,17000.0,Long Term,670.0,308.0,161.0,False
348,18700.0,Short Term,990.0,159.0,182.0,False
389,21300.0,Short Term,630.0,988.0,290.0,False
806,21000.0,Short Term,990.0,0.0,488.0,False
620,21000.0,Short Term,920.0,2048.0,132.0,True
528,24700.0,Short Term,840.0,0.0,281.0,False
752,19900.0,Short Term,1080.0,0.0,255.0,False
55,22200.0,Long Term,1080.0,0.0,466.0,False
367,21500.0,Short Term,1240.0,0.0,338.0,False
617,17000.0,Short Term,970.0,759.0,228.0,False
940,19200.0,Short Term,1010.0,1276.0,160.0,False
501,20000.0,Short Term,1270.0,0.0,309.0,False
721,22900.0,Short Term,810.0,839.0,222.0,False
751,20500.0,Short Term,1380.0,1361.0,86.0,False
989,18500.0,Long Term,1040.0,0.0,246.0,False
656,18100.0,Long Term,1180.0,0.0,407.0,True
410,21400.0,Short Term,1120.0,0.0,380.0,False
927,20100.0,Short Term,1220.0,832.0,223.0,False
168,20400.0,Short Term,1000.0,0.0,279.0,False
48,24300.0,Short Term,1080.0,372.0,279.0,False
906,22300.0,Short Term,1120.0,0.0,243.0,False
166,23100.0,Short Term,620.0,0.0,427.0,False
730,19600.0,Short Term,1050.0,559.0,270.0,False
74,20900.0,Short Term,660.0,778.0,259.0,False
303,21500.0,Short Term,1210.0,0.0,439.0,False
164,18300.0,Short Term,1000.0,0.0,398.0,False
205,17100.0,Long Term,1240.0,467.0,226.0,False
258,16500.0,Short Term,530.0,0.0,273.0,False
593,19900.0,Long Term,920.0,0.0,398.0,False
732,19100.0,Long Term,850.0,203.0,220.0,False
676,18300.0,Short Term,530.0,0.0,295.0,False
239,17600.0,Short Term,710.0,155.0,108.0,False
295,16600.0,Short Term,1130.0,0.0,316.0,False
347,19900.0,Long Term,1380.0,0.0,472.0,False
187,23300.0,Long Term,1070.0,523.0,437.0,False
508,18200.0,Short Term,1500.0,0.0,316.0,False
62,22800.0,Short Term,850.0,0.0,468.0,False
649,22800.0,Long Term,1640.0,0.0,432.0,False
573,18900.0,Short Term,830.0,1520.0,84.0,True
858,16700.0,Short Term,610.0,0.0,201.0,False
420,23300.0,Short Term,790.0,1021.0,266.0,False
870,22500.0,Short Term,900.0,769.0,278.0,False
648,23100.0,Short Term,760.0,431.0,307.0,False
872,18100.0,Long Term,1300.0,588.0,231.0,False
625,19500.0,Short Term,1390.0,0.0,414.0,False
827,20600.0,Short Term,540.0,725.0,303.0,False
343,22200.0,Short Term,640.0,0.0,513.0,False
728,22100.0,Short Term,1080.0,96.0,379.0,False
50,20600.0,Short Term,1230.0,732.0,212.0,False
434,22400.0,Short Term,1200.0,0.0,277.0,False
701,18600.0,Short Term,770.0,0.0,272.0,False
836,17100.0,Short Term,1170.0,415.0,191.0,False
819,21100.0,Short Term,1000.0,157.0,443.0,False
225,17400.0,Short Term,790.0,304.0,319.0,False
539,21600.0,Long Term,1180.0,738.0,,False
934,17400.0,Short Term,1130.0,1451.0,56.0,True
754,23300.0,Long Term,1270.0,759.0,399.0,False
97,18000.0,Long Term,620.0,0.0,271.0,False
124,19700.0,Short Term,620.0,0.0,321.0,False
844,21600.0,Short Term,940.0,0.0,546.0,True
646,18200.0,Long Term,940.0,0.0,292.0,False
697,24700.0,Short Term,1120.0,656.0,366.0,False
265,21900.0,Short Term,750.0,0.0,335.0,False
394,21900.0,Short Term,1080.0,0.0,483.0,False
975,21200.0,Short Term,640.0,1060.0,275.0,True
604,17300.0,Long Term,920.0,1410.0,87.0,True
318,16300.0,Short Term,570.0,0.0,357.0,False
976,17800.0,Long Term,1210.0,0.0,206.0,False
110,23600.0,Short Term,1130.0,1660.0,164.0,False
726,20900.0,Short Term,1130.0,0.0,407.0,False
353,18900.0,Short Term,1200.0,0.0,301.0,False
918,19200.0,Short Term,760.0,826.0,180.0,False
384,18500.0,Short Term,940.0,1064.0,129.0,False
714,20000.0,Short Term,1050.0,0.0,,False
757,16400.0,Short Term,1030.0,916.0,78.0,False
651,21200.0,Short Term,920.0,458.0,268.0,False
574,19400.0,Short Term,1520.0,0.0,414.0,False
364,20800.0,Short Term,1030.0,115.0,,False
607,25300.0,Short Term,1060.0,0.0,235.0,False
576,21300.0,Short Term,540.0,0.0,443.0,False
331,24400.0,Short Term,900.0,0.0,458.0,False
982,17200.0,Short Term,750.0,0.0,202.0,False
877,20900.0,Short Term,1050.0,0.0,341.0,False
993,17000.0,Short Term,760.0,1105.0,129.0,False
974,20600.0,Long Term,750.0,0.0,434.0,False
450,19400.0,Short Term,870.0,1093.0,104.0,False
60,20000.0,Short Term,1230.0,518.0,131.0,False
139,20100.0,Short Term,1360.0,1250.0,140.0,False
690,14300.0,Short Term,1190.0,87.0,63.0,False
33,16700.0,Short Term,860.0,186.0,423.0,False
189,23000.0,Short Term,890.0,1659.0,199.0,True
850,20800.0,Short Term,1220.0,0.0,372.0,False
644,20400.0,Long Term,1220.0,0.0,538.0,False
715,19300.0,Short Term,1260.0,686.0,240.0,False
540,20400.0,Short Term,1010.0,1184.0,286.0,False
507,19500.0,Short Term,1290.0,0.0,201.0,False
368,17400.0,Short Term,1090.0,957.0,167.0,False
674,18100.0,Short Term,1070.0,0.0,214.0,False
663,19200.0,Short Term,1110.0,716.0,234.0,False
224,21800.0,Short Term,730.0,345.0,,False
811,19300.0,Short Term,990.0,456.0,378.0,False
591,19300.0,Short Term,630.0,847.0,115.0,False
795,19100.0,Short Term,1290.0,0.0,162.0,False
69,14600.0,Short Term,1470.0,1345.0,97.0,True
429,17300.0,Short Term,1080.0,0.0,,False
824,21700.0,Long Term,900.0,0.0,180.0,False
992,17500.0,Short Term,640.0,418.0,303.0,True
119,22300.0,Short Term,880.0,0.0,376.0,False
257,22800.0,Short Term,830.0,0.0,411.0,False
883,18900.0,Long Term,1120.0,790.0,218.0,False
228,22400.0,Short Term,720.0,524.0,320.0,False
285,22800.0,Short Term,1640.0,1944.0,121.0,True
966,17900.0,Long Term,1190.0,0.0,291.0,False
660,20600.0,Short Term,550.0,0.0,344.0,False
860,23800.0,Short Term,1050.0,1057.0,107.0,True
781,18200.0,Short Term,880.0,0.0,134.0,False
912,20400.0,Long Term,1160.0,0.0,272.0,True
437,20800.0,Long Term,1010.0,594.0,350.0,False
724,24200.0,Long Term,1130.0,1571.0,220.0,False
406,24600.0,Short Term,1300.0,0.0,303.0,False
234,20800.0,Short Term,780.0,1.0,243.0,False
924,18800.0,Short Term,930.0,0.0,238.0,False
109,21900.0,Long Term,1360.0,0.0,490.0,False
628,20500.0,Short Term,940.0,0.0,340.0,False
304,21600.0,Short Term,900.0,147.0,323.0,False
403,25700.0,Long Term,1110.0,964.0,330.0,False
190,17700.0,Long Term,1180.0,0.0,351.0,False
504,19100.0,Short Term,1480.0,532.0,259.0,False
476,22900.0,Short Term,1290.0,789.0,305.0,False
896,20700.0,Short Term,860.0,461.0,237.0,False
610,22900.0,Short Term,1410.0,0.0,485.0,False
202,20400.0,Long Term,1230.0,308.0,238.0,False
930,17700.0,Short Term,710.0,0.0,187.0,False
882,17200.0,Short Term,1160.0,0.0,274.0,False
747,20200.0,Short Term,1430.0,18.0,321.0,False
346,13800.0,Short Term,1040.0,0.0,180.0,False
1,22900.0,Short Term,1280.0,0.0,450.0,False
764,17300.0,Short Term,720.0,0.0,193.0,False
612,25000.0,Short Term,1100.0,1570.0,201.0,False
376,21900.0,Short Term,790.0,0.0,476.0,False
894,21000.0,Short Term,530.0,0.0,384.0,True
105,19600.0,Short Term,640.0,0.0,295.0,False
645,19300.0,Short Term,1420.0,0.0,312.0,False
520,22200.0,Short Term,940.0,53.0,502.0,False
956,16700.0,Short Term,1230.0,0.0,207.0,False
994,21300.0,Long Term,1020.0,2156.0,83.0,True
261,23400.0,Long Term,980.0,1455.0,249.0,False
666,20800.0,Short Term,960.0,0.0,261.0,False
405,20000.0,Short Term,740.0,0.0,244.0,False
486,20000.0,Short Term,910.0,1221.0,265.0,False
557,22700.0,Long Term,1130.0,0.0,279.0,False
642,20400.0,Short Term,950.0,0.0,268.0,False
98,23800.0,Short Term,1610.0,0.0,241.0,False
392,19300.0,Short Term,1270.0,1210.0,240.0,False
759,20900.0,Short Term,950.0,0.0,230.0,False
731,17000.0,Short Term,1060.0,696.0,125.0,False
81,19100.0,Short Term,1410.0,0.0,348.0,False
534,23000.0,Short Term,1110.0,0.0,478.0,False
475,21500.0,Short Term,1080.0,0.0,296.0,False
913,21100.0,Long Term,610.0,0.0,196.0,True
631,13700.0,Short Term,1130.0,381.0,179.0,False
665,15100.0,Short Term,390.0,617.0,152.0,False
879,18900.0,Long Term,870.0,0.0,253.0,False
988,19700.0,Short Term,890.0,0.0,342.0,False
2,20400.0,Short Term,970.0,905.0,183.0,False
473,21000.0,Short Term,1140.0,1781.0,169.0,True
527,17400.0,Short Term,1040.0,853.0,127.0,False
93,17600.0,Long Term,850.0,1780.0,44.0,True
337,23400.0,Short Term,1270.0,70.0,271.0,False
973,20700.0,Short Term,1650.0,0.0,533.0,False
106,20600.0,Long Term,880.0,1556.0,175.0,True
474,18300.0,Short Term,830.0,0.0,285.0,False
352,20700.0,Long Term,780.0,0.0,431.0,False
694,18600.0,Short Term,890.0,1096.0,132.0,False
916,21400.0,Short Term,1150.0,0.0,162.0,False
366,21700.0,Short Term,800.0,0.0,324.0,False
866,19400.0,Short Term,910.0,0.0,307.0,False
262,16700.0,Short Term,690.0,0.0,122.0,False
856,20800.0,Short Term,1150.0,0.0,345.0,False
494,23400.0,Short Term,1050.0,0.0,115.0,True
737,21700.0,Short Term,620.0,965.0,186.0,False
479,21000.0,Long Term,1310.0,0.0,462.0,False
426,14400.0,Short Term,1150.0,279.0,309.0,False
941,19900.0,Short Term,1100.0,0.0,236.0,False
892,20300.0,Short Term,940.0,0.0,133.0,False
108,22000.0,Short Term,930.0,0.0,248.0,False
914,18600.0,Short Term,1280.0,0.0,394.0,False
654,21000.0,Short Term,1450.0,780.0,161.0,False
720,19000.0,Long Term,680.0,0.0,282.0,False
338,23600.0,Short Term,1390.0,1652.0,174.0,False
211,19900.0,Short Term,490.0,332.0,378.0,False
351,18900.0,Short Term,830.0,0.0,161.0,False
84,17300.0,Short Term,1090.0,271.0,302.0,False
481,21600.0,Short Term,870.0,0.0,368.0,False
112,22900.0,Long Term,1190.0,14.0,267.0,False
319,22200.0,Short Term,1460.0,0.0,156.0,False
17,21900.0,Short Term,1090.0,982.0,283.0,False
408,18000.0,Short Term,1400.0,78.0,159.0,False
468,21500.0,Short Term,640.0,3470.0,0.0,True
218,24300.0,Long Term,1280.0,0.0,,False
126,20500.0,Short Term,1230.0,493.0,349.0,False
77,20600.0,Short Term,830.0,0.0,273.0,False
423,18700.0,Short Term,1190.0,0.0,474.0,False
700,17300.0,Short Term,1020.0,0.0,401.0,False
35,23900.0,Short Term,860.0,168.0,409.0,False
901,18700.0,Short Term,910.0,496.0,201.0,False
252,17000.0,Short Term,360.0,1537.0,49.0,True
678,21200.0,Short Term,360.0,575.0,250.0,False
495,20200.0,Short Term,1130.0,1434.0,71.0,True
817,19900.0,Short Term,1110.0,2193.0,75.0,True
895,24000.0,Short Term,720.0,223.0,459.0,False
863,21900.0,Long Term,1330.0,1515.0,72.0,False
897,19200.0,Short Term,710.0,0.0,204.0,False
867,20100.0,Short Term,1050.0,0.0,353.0,False
874,16100.0,Long Term,1070.0,76.0,218.0,False
467,21300.0,Short Term,1070.0,0.0,191.0,False
689,45000.0,Long Term,1450.0,0.0,1000.0,False
619,44800.0,Long Term,910.0,929.0,764.0,False
89,47900.0,Long Term,1040.0,218.0,829.0,False
185,35500.0,Long Term,1240.0,0.0,818.0,False
203,40300.0,Short Term,1380.0,1753.0,595.0,False
129,44400.0,Short Term,1270.0,738.0,1000.0,False
490,42300.0,Short Term,500.0,2784.0,400.0,False
592,41900.0,Short Term,720.0,1225.0,834.0,False
215,37900.0,Short Term,1530.0,0.0,595.0,False
522,44200.0,Short Term,1190.0,65.0,838.0,True
869,45500.0,Long Term,890.0,0.0,766.0,False
745,43200.0,Long Term,1250.0,1352.0,524.0,False
47,40400.0,Short Term,1040.0,436.0,727.0,False
10,41800.0,Short Term,1390.0,4296.0,157.0,True
388,29400.0,Short Term,1460.0,0.0,603.0,False
171,32800.0,Short Term,1160.0,0.0,885.0,False
582,51000.0,Short Term,1210.0,0.0,858.0,False
743,34900.0,Short Term,1120.0,1557.0,524.0,False
362,33800.0,Long Term,1140.0,22.0,437.0,False
248,38300.0,Long Term,1410.0,0.0,879.0,False
161,43500.0,Short Term,1330.0,1440.0,398.0,False
828,35700.0,Long Term,1570.0,0.0,609.0,True
266,36200.0,Short Term,1650.0,685.0,528.0,False
499,44100.0,Long Term,1490.0,0.0,883.0,False
638,44000.0,Long Term,1320.0,632.0,556.0,False
206,39100.0,Long Term,1410.0,0.0,734.0,False
430,38700.0,Long Term,1420.0,551.0,636.0,True
156,33800.0,Long Term,1590.0,0.0,672.0,False
696,40000.0,Short Term,1570.0,923.0,736.0,False
275,37900.0,Short Term,1810.0,0.0,573.0,False
554,36700.0,Long Term,1700.0,2882.0,352.0,True
138,37800.0,Long Term,1070.0,0.0,741.0,False
771,35500.0,Long Term,1820.0,0.0,698.0,False
68,45700.0,Short Term,1110.0,0.0,886.0,False
902,32800.0,Long Term,780.0,0.0,378.0,False
748,44300.0,Long Term,1300.0,0.0,,False
887,37400.0,Long Term,530.0,0.0,524.0,False
641,48400.0,Short Term,1620.0,579.0,732.0,False
558,33000.0,Short Term,1710.0,0.0,648.0,False
34,33700.0,Short Term,1240.0,980.0,758.0,False
548,35000.0,Short Term,1720.0,0.0,482.0,False
513,32800.0,Long Term,970.0,0.0,460.0,False
415,50700.0,Long Term,1790.0,1499.0,1000.0,False
776,43600.0,Short Term,760.0,983.0,812.0,False
722,39600.0,Short Term,910.0,1052.0,525.0,False
409,42600.0,Short Term,1210.0,0.0,788.0,False
482,39200.0,Long Term,1270.0,0.0,897.0,False
387,38000.0,Short Term,1480.0,0.0,850.0,False
20,32200.0,Long Term,1090.0,0.0,754.0,False
113,33900.0,Short Term,1010.0,1404.0,456.0,False
207,34800.0,Long Term,1300.0,1209.0,560.0,False
959,35200.0,Short Term,1560.0,1165.0,476.0,False
923,36500.0,Short Term,1700.0,1534.0,561.0,False
278,41600.0,Short Term,1400.0,0.0,618.0,False
632,40200.0,Short Term,1250.0,1008.0,158.0,False
12,39000.0,Short Term,1390.0,0.0,1000.0,False
128,47100.0,Short Term,970.0,1459.0,847.0,False
310,41400.0,Short Term,1210.0,0.0,628.0,False
503,42400.0,Long Term,1290.0,1459.0,544.0,False
735,37100.0,Long Term,1030.0,0.0,661.0,False
712,44900.0,Short Term,1190.0,419.0,761.0,False
903,37900.0,Short Term,1290.0,540.0,934.0,False
92,48000.0,Short Term,1240.0,0.0,722.0,False
199,44200.0,Short Term,920.0,0.0,,False
176,46600.0,Long Term,1300.0,136.0,847.0,False
553,33000.0,Short Term,1090.0,23.0,682.0,False
95,35100.0,Short Term,1430.0,449.0,602.0,False
94,34200.0,Short Term,1190.0,2759.0,302.0,True
736,44700.0,Long Term,1150.0,253.0,954.0,False
111,29500.0,Short Term,920.0,0.0,675.0,False
662,48100.0,Long Term,1320.0,0.0,577.0,False
201,38600.0,Long Term,1350.0,1010.0,703.0,False
531,45500.0,Long Term,1780.0,0.0,792.0,False
290,41700.0,Long Term,1100.0,3829.0,254.0,True
950,37900.0,Long Term,1350.0,0.0,904.0,False
436,42900.0,Short Term,1410.0,0.0,652.0,False
584,32700.0,Short Term,1120.0,0.0,619.0,False
40,37900.0,Short Term,1570.0,0.0,988.0,False
922,42100.0,Short Term,1290.0,270.0,731.0,False
785,43600.0,Long Term,1120.0,1461.0,1000.0,False
596,45300.0,Long Term,1430.0,422.0,646.0,False
22,41900.0,Long Term,1720.0,1884.0,372.0,False
977,42500.0,Short Term,1020.0,0.0,811.0,False
135,34600.0,Short Term,1160.0,0.0,846.0,True
150,43000.0,Short Term,1060.0,276.0,674.0,False
8,46500.0,Short Term,1140.0,1554.0,634.0,False
18,43400.0,Long Term,1740.0,610.0,742.0,False
323,28600.0,Long Term,860.0,0.0,466.0,False
946,38000.0,Short Term,1000.0,0.0,774.0,False
886,41400.0,Short Term,1140.0,0.0,,False
142,38100.0,Long Term,1230.0,790.0,560.0,True
191,41100.0,Short Term,1540.0,784.0,732.0,False
260,34600.0,Long Term,990.0,2218.0,410.0,False
448,45900.0,Long Term,1750.0,0.0,666.0,False
768,37600.0,Long Term,1150.0,3073.0,254.0,True
853,37200.0,Long Term,1780.0,0.0,780.0,False
862,38000.0,Short Term,1760.0,204.0,889.0,False
382,39200.0,Short Term,1020.0,29.0,654.0,False
178,43500.0,Short Term,1160.0,0.0,931.0,False
816,41300.0,Short Term,1720.0,1022.0,867.0,False
280,29000.0,Short Term,1450.0,0.0,497.0,False
117,49200.0,Short Term,1140.0,1758.0,392.0,False
454,35900.0,Long Term,1780.0,529.0,886.0,False
143,47800.0,Long Term,1120.0,0.0,894.0,False
859,34000.0,Short Term,1460.0,2317.0,337.0,True
223,44500.0,Short Term,740.0,0.0,972.0,False
571,45500.0,Long Term,690.0,0.0,796.0,False
321,42900.0,Short Term,1030.0,0.0,988.0,False
306,39700.0,Short Term,1410.0,4027.0,249.0,True
812,37100.0,Long Term,1210.0,325.0,550.0,False
182,43700.0,Short Term,1020.0,17.0,849.0,False
594,30800.0,Long Term,1790.0,0.0,446.0,False
70,46700.0,Long Term,890.0,0.0,580.0,False
30,33900.0,Short Term,1540.0,2222.0,503.0,False
686,44200.0,Long Term,1630.0,752.0,596.0,False
971,35300.0,Short Term,790.0,1479.0,,False
312,43000.0,Long Term,1420.0,0.0,1000.0,False
336,39400.0,Short Term,960.0,1471.0,641.0,False
31,41300.0,Long Term,1080.0,0.0,831.0,False
565,41400.0,Short Term,1330.0,0.0,883.0,False
293,41500.0,Long Term,1170.0,332.0,683.0,True
159,42000.0,Long Term,1510.0,0.0,875.0,False
568,39500.0,Short Term,1210.0,778.0,826.0,False
75,41900.0,Short Term,1410.0,1330.0,822.0,False
37,35700.0,Short Term,1120.0,650.0,624.0,False
78,45800.0,Long Term,1100.0,733.0,707.0,False
852,37300.0,Short Term,1280.0,1698.0,578.0,False
79,34700.0,Short Term,1710.0,0.0,288.0,False
541,32100.0,Short Term,1560.0,1448.0,296.0,False
4,42400.0,Long Term,1400.0,347.0,642.0,False
837,41800.0,Short Term,1400.0,0.0,771.0,False
970,40200.0,Long Term,1040.0,0.0,,False
788,42700.0,Short Term,1130.0,0.0,642.0,False
807,42600.0,Long Term,1330.0,219.0,686.0,False
779,36700.0,Short Term,1260.0,0.0,524.0,False
412,41300.0,Short Term,1280.0,0.0,787.0,False
241,35300.0,Long Term,770.0,0.0,873.0,False
1000,36700.0,Short Term,900.0,2235.0,413.0,False
174,33700.0,Short Term,910.0,424.0,551.0,False
56,37400.0,Short Term,1060.0,0.0,527.0,False
393,37200.0,Long Term,1620.0,0.0,952.0,True
458,29900.0,Short Term,1640.0,0.0,367.0,False
683,38200.0,Short Term,1610.0,0.0,,False
204,37500.0,Long Term,1660.0,733.0,528.0,False
227,39100.0,Short Term,1250.0,1010.0,292.0,False
267,33700.0,Short Term,930.0,989.0,747.0,False
57,34700.0,Short Term,970.0,220.0,524.0,False
395,42700.0,Short Term,1590.0,1621.0,687.0,False
38,35900.0,Long Term,1220.0,0.0,604.0,False
23,34500.0,Short Term,1060.0,0.0,743.0,False
101,55600.0,Long Term,1560.0,0.0,1000.0,False
28,38900.0,Short Term,1220.0,2554.0,392.0,False
253,39300.0,Long Term,1030.0,0.0,764.0,False
949,47000.0,Short Term,1370.0,1197.0,640.0,False
238,47500.0,Short Term,1430.0,2730.0,495.0,False
552,49400.0,Short Term,760.0,1104.0,902.0,False
904,32600.0,Short Term,860.0,1540.0,486.0,False
488,46300.0,Short Term,880.0,0.0,869.0,False
595,36000.0,Long Term,1510.0,0.0,290.0,False
58,44900.0,Short Term,1180.0,0.0,579.0,False
915,38400.0,Short Term,1650.0,30.0,921.0,False
277,28400.0,Long Term,1240.0,0.0,824.0,False
784,42100.0,Long Term,910.0,0.0,546.0,False
334,40400.0,Short Term,920.0,1323.0,392.0,False
783,35400.0,Short Term,1420.0,0.0,813.0,False
42,33300.0,Short Term,700.0,0.0,361.0,False
263,33500.0,Short Term,1630.0,893.0,633.0,False
131,42200.0,Short Term,1640.0,0.0,795.0,False
87,41300.0,Short Term,980.0,460.0,662.0,False
710,43400.0,Short Term,1170.0,1648.0,480.0,False
873,28700.0,Short Term,1020.0,0.0,733.0,False
309,23100.0,Long Term,1210.0,500.0,387.0,False
289,50600.0,Short Term,1540.0,0.0,463.0,False
195,41400.0,Short Term,1550.0,2389.0,474.0,False
750,48200.0,Long Term,1800.0,551.0,935.0,False
953,39900.0,Long Term,1460.0,0.0,954.0,False
6,40300.0,Short Term,1300.0,0.0,905.0,False
533,45800.0,Short Term,1700.0,0.0,982.0,False
385,32000.0,Short Term,1240.0,0.0,647.0,False
421,41300.0,Short Term,840.0,861.0,638.0,False
777,40100.0,Short Term,1370.0,0.0,726.0,False
919,42700.0,Short Term,840.0,0.0,748.0,False
605,37800.0,Short Term,1850.0,2788.0,279.0,True
381,45400.0,Long Term,1710.0,3566.0,326.0,True
401,45300.0,Short Term,1150.0,343.0,555.0,False
273,34100.0,Long Term,640.0,0.0,626.0,False
7,35000.0,Short Term,1500.0,395.0,403.0,False
413,39100.0,Short Term,1300.0,0.0,529.0,False
435,34000.0,Short Term,770.0,0.0,828.0,False
670,37500.0,Long Term,740.0,0.0,809.0,False
791,40900.0,Short Term,1130.0,573.0,604.0,False
708,41500.0,Short Term,1590.0,171.0,892.0,False
357,39200.0,Long Term,1630.0,790.0,714.0,True
220,42000.0,Long Term,1010.0,1423.0,492.0,False
151,38500.0,Long Term,1080.0,303.0,650.0,False
485,41500.0,Long Term,1050.0,0.0,549.0,False
991,35700.0,Short Term,770.0,478.0,701.0,False
214,35600.0,Long Term,1150.0,0.0,648.0,False
371,40500.0,Long Term,1670.0,28.0,691.0,False
209,46100.0,Long Term,1170.0,2682.0,598.0,False
586,45700.0,Short Term,1110.0,173.0,898.0,False
962,42900.0,Short Term,1550.0,0.0,837.0,False
66,38100.0,Short Term,1810.0,1599.0,685.0,False
742,42700.0,Long Term,1090.0,0.0,592.0,False
432,29100.0,Short Term,1730.0,325.0,640.0,False
755,40400.0,Short Term,1260.0,0.0,1000.0,False
462,39100.0,Long Term,1110.0,0.0,843.0,False
796,41300.0,Long Term,1340.0,0.0,996.0,False
671,30800.0,Short Term,1560.0,3018.0,199.0,True
532,38700.0,Short Term,1390.0,0.0,903.0,False
386,27500.0,Short Term,1330.0,1402.0,388.0,False
130,45700.0,Short Term,1270.0,0.0,821.0,False
314,42800.0,Long Term,1170.0,0.0,659.0,False
49,47900.0,Long Term,1080.0,1443.0,639.0,False
496,35900.0,Long Term,690.0,0.0,462.0,False
365,39800.0,Short Term,1570.0,991.0,520.0,False
551,34000.0,Short Term,710.0,0.0,756.0,False
149,36500.0,Long Term,1100.0,0.0,812.0,False
688,41200.0,Long Term,1230.0,0.0,842.0,False
854,30900.0,Long Term,1370.0,918.0,341.0,False
640,38800.0,Long Term,1350.0,197.0,873.0,False
360,36400.0,Short Term,1270.0,1367.0,498.0,False
746,43600.0,Short Term,1270.0,0.0,797.0,False
398,42800.0,Short Term,1460.0,0.0,692.0,False
972,35000.0,Long Term,1390.0,0.0,718.0,False
379,48400.0,Short Term,1080.0,946.0,422.0,False
578,28000.0,Long Term,1200.0,0.0,477.0,False
718,55100.0,Short Term,1690.0,3806.0,323.0,False
799,63700.0,Short Term,1170.0,1408.0,1000.0,False
695,67900.0,Long Term,1910.0,0.0,1000.0,False
222,46400.0,Long Term,1660.0,2341.0,989.0,False
692,50700.0,Long Term,1520.0,3336.0,649.0,False
136,63700.0,Long Term,2070.0,1771.0,1000.0,False
115,47300.0,Short Term,2080.0,0.0,831.0,False
51,58500.0,Long Term,1710.0,4835.0,804.0,False
300,63100.0,Short Term,2030.0,2860.0,976.0,False
655,54600.0,Short Term,1970.0,467.0,1000.0,False
247,50500.0,Short Term,1610.0,1613.0,649.0,False
744,63400.0,Short Term,1580.0,1468.0,902.0,False
547,62000.0,Short Term,2340.0,4155.0,782.0,False
549,59900.0,Long Term,1900.0,4502.0,627.0,False
536,55800.0,Long Term,1580.0,2584.0,1000.0,False
451,52400.0,Short Term,1740.0,0.0,1000.0,False
658,46100.0,Long Term,1730.0,0.0,865.0,False
717,58200.0,Short Term,2240.0,0.0,1000.0,False
629,62900.0,Short Term,1750.0,0.0,1000.0,False
603,61200.0,Short Term,1640.0,0.0,936.0,False
19,44800.0,Short Term,1450.0,2085.0,913.0,False
145,57800.0,Long Term,2500.0,1165.0,954.0,False
270,58600.0,Long Term,1270.0,3732.0,959.0,False
602,57800.0,Long Term,1790.0,2777.0,918.0,False
469,44800.0,Short Term,2530.0,2345.0,737.0,False
622,56200.0,Short Term,920.0,1995.0,1000.0,False
529,61700.0,Short Term,1450.0,3933.0,,False
598,58100.0,Short Term,1350.0,2264.0,878.0,False
855,51800.0,Short Term,1050.0,0.0,814.0,False
526,66200.0,Long Term,1700.0,0.0,1000.0,False
773,63700.0,Short Term,1630.0,1912.0,1000.0,False
317,64000.0,Short Term,2420.0,0.0,1000.0,False
439,61700.0,Long Term,1380.0,0.0,629.0,False
383,56300.0,Long Term,2020.0,2542.0,957.0,False
878,69500.0,Short Term,1060.0,2967.0,990.0,False
339,56000.0,Short Term,2160.0,0.0,1000.0,False
320,59900.0,Short Term,2120.0,5531.0,642.0,False
249,62300.0,Short Term,1390.0,0.0,822.0,False
871,56400.0,Long Term,2340.0,1291.0,946.0,False
154,76900.0,Short Term,1590.0,1085.0,828.0,False
502,56200.0,Short Term,1720.0,1482.0,945.0,False
543,61000.0,Long Term,1340.0,1867.0,861.0,False
733,60400.0,Long Term,1890.0,0.0,1000.0,False
433,53100.0,Long Term,820.0,0.0,777.0,False
969,53400.0,Short Term,2470.0,0.0,671.0,False
345,49600.0,Long Term,2250.0,72.0,1000.0,False
893,45800.0,Long Term,1600.0,0.0,915.0,False
899,53200.0,Long Term,1310.0,0.0,360.0,False
659,62500.0,Long Term,2100.0,1722.0,1000.0,False
734,60400.0,Long Term,1390.0,0.0,1000.0,False
772,54600.0,Short Term,1560.0,2621.0,664.0,False
333,66200.0,Short Term,1240.0,1816.0,1000.0,False
509,67600.0,Short Term,1240.0,0.0,851.0,False
965,59300.0,Long Term,2350.0,0.0,1000.0,False
179,65400.0,Long Term,2030.0,0.0,1000.0,False
390,65500.0,Long Term,1120.0,0.0,1000.0,False
230,53900.0,Short Term,1160.0,1874.0,930.0,False
803,52100.0,Long Term,1690.0,2241.0,934.0,False
524,57300.0,Long Term,1360.0,7279.0,102.0,True
255,64500.0,Short Term,1960.0,4494.0,607.0,False
9,76500.0,Short Term,4860.0,0.0,1000.0,False
875,78500.0,Long Term,4160.0,7612.0,902.0,False
911,73500.0,Long Term,6020.0,4513.0,512.0,False
857,86000.0,Short Term,5570.0,8826.0,837.0,False
738,81800.0,Long Term,3750.0,0.0,1000.0,False
442,78700.0,Long Term,4220.0,2561.0,1000.0,False
125,68700.0,Short Term,5350.0,6397.0,839.0,False
186,79800.0,Short Term,3770.0,7300.0,881.0,False
235,78400.0,Short Term,4320.0,0.0,1000.0,False
545,76600.0,Long Term,5110.0,5761.0,943.0,False
770,61700.0,Short Term,4920.0,0.0,1000.0,False
753,82100.0,Short Term,5720.0,0.0,1000.0,False
790,75300.0,Long Term,4210.0,0.0,1000.0,False
29,81900.0,Long Term,3020.0,7620.0,818.0,False
226,79900.0,Short Term,3720.0,12891.0,0.0,True
305,43200.0,Long Term,1340.0,0.0,684.0,False
898,11800.0,Long Term,1070.0,0.0,193.0,True
570,61800.0,Long Term,1110.0,1565.0,585.0,True
967,33900.0,Long Term,1600.0,0.0,590.0,False
928,31400.0,Long Term,1310.0,0.0,888.0,False
739,44000.0,Short Term,1770.0,1950.0,58.0,False
341,32100.0,Long Term,1880.0,0.0,645.0,False
100,30200.0,Long Term,1810.0,0.0,557.0,False
63,46300.0,Long Term,1680.0,1159.0,292.0,False
465,29900.0,Long Term,2190.0,1071.0,453.0,False
72,33200.0,Short Term,690.0,570.0,564.0,False
636,26900.0,Long Term,2080.0,3318.0,125.0,True
183,28400.0,Long Term,2550.0,1365.0,421.0,False
983,29100.0,Long Term,990.0,1258.0,441.0,False
188,46000.0,Long Term,2060.0,1855.0,649.0,False
698,37600.0,Long Term,1000.0,695.0,830.0,False
282,34900.0,Short Term,730.0,0.0,762.0,False
219,31400.0,Long Term,1080.0,0.0,829.0,False
530,38500.0,Long Term,1620.0,0.0,875.0,False
208,34800.0,Long Term,720.0,0.0,777.0,False
935,43700.0,Long Term,1680.0,0.0,856.0,False
876,44000.0,Long Term,1550.0,0.0,950.0,False
242,22400.0,Short Term,1040.0,1228.0,292.0,False
942,51700.0,Long Term,970.0,6409.0,92.0,True
589,44200.0,Long Term,810.0,293.0,908.0,False
271,34200.0,Long Term,1320.0,0.0,928.0,False
173,24100.0,Long Term,1060.0,0.0,459.0,False
440,37800.0,Short Term,1760.0,1094.0,762.0,False
938,39500.0,Long Term,1170.0,0.0,909.0,False
861,30900.0,Short Term,1580.0,2840.0,171.0,True
609,35700.0,Long Term,2380.0,0.0,740.0,False
269,24200.0,Long Term,890.0,0.0,629.0,False
990,29300.0,Long Term,1040.0,2265.0,192.0,True
76,44000.0,Short Term,1240.0,0.0,933.0,False
890,28100.0,Long Term,2110.0,492.0,492.0,False
802,23900.0,Short Term,640.0,0.0,452.0,False
233,34900.0,Short Term,1600.0,1386.0,560.0,False
829,33700.0,Short Term,1960.0,0.0,884.0,False
464,24200.0,Long Term,1880.0,0.0,455.0,False
575,36100.0,Short Term,1570.0,0.0,984.0,False
324,23500.0,Long Term,1310.0,0.0,461.0,False
521,24800.0,Short Term,1490.0,1558.0,340.0,False
813,36400.0,Long Term,2330.0,790.0,768.0,False
160,27700.0,Long Term,980.0,0.0,776.0,False
181,40700.0,Long Term,1000.0,0.0,664.0,False
96,26300.0,Long Term,1760.0,0.0,489.0,False
762,29200.0,Long Term,1500.0,0.0,755.0,False
516,36200.0,Short Term,1510.0,0.0,812.0,False
627,27000.0,Short Term,1510.0,0.0,436.0,False
71,30000.0,Long Term,1270.0,3779.0,52.0,True
932,42500.0,Long Term,1550.0,0.0,779.0,False
39,36400.0,Long Term,1830.0,3032.0,360.0,True
283,42200.0,Long Term,1500.0,2498.0,417.0,False
847,30800.0,Long Term,1190.0,2355.0,177.0,True
